salto_id,type,title,dates,city,country,deadline_iso,deadline_raw,participants_countries,summary,url
15236,Training Course,Compass : ONLY for SLOVAK participants living and studying in Slovakia,10-19 October 2026,Laslovo,Croatia,2026-09-05,5 September 2026,"Croatia, Czech Republic, Slovak Republic",Main topics of training: Emotional intelligence in youth work How to make youth work more inclusive Resilience Youth work development,https://www.salto-youth.net/tools/european-training-calendar/training/compass-only-for-slovak-participants-living-and-studying-in-slovakia.15236/
15190,Training Course,The Edge Effect,26 September - 4 October 2026,"The Green Place, Stefanovo",Bulgaria,2026-09-05,5 September 2026,"Georgia, Moldova, Erasmus+ Youth Programme countries , Western Balkan countries","What can permaculture teach us about working with people? Explore group dynamics as living ecosystems, discover facilitation through the lens of nature, and cultivate more resilient, participatory and sustainable communities.",https://www.salto-youth.net/tools/european-training-calendar/training/the-edge-effect.15190/
15142,Training Course,CTRL+REAL – Manipulated realities DECODED,28 September - 5 October 2026,Ommen,Netherlands,2026-09-05,5 September 2026,"Hungary, Italy, Netherlands, Republic of North Macedonia, Romania, Spain","An 8-day training course (plus 2 travel days) for 28 youth workers focused on tackling deepfakes, AI-generated media and digital manipulation through non-formal education, critical thinking and ethical use of AI.",https://www.salto-youth.net/tools/european-training-calendar/training/ctrl-real-manipulated-realities-decoded.15142/
15252,Training Course,EmpathyLab Training Course,19-24 October 2026,Rimini,Italy,2026-09-05,5 September 2026,"Italy, Poland, Spain","EmpathyLab is a 4-day Erasmus+ training in Rimini for youth workers from Italy, Poland and Spain, focused on empathy, inclusion, human rights and anti-discrimination through practical non-formal education methods.",https://www.salto-youth.net/tools/european-training-calendar/training/empathylab-training-course.15252/
15059,Training Course,Supporting Volunteer`s Mental Health Through Mentoring,2-7 November 2026,,Lithuania,2026-09-06,6 September 2026,"Eastern Partnership countries , Erasmus+ Youth Programme countries , Southern Mediterranean countries , Western Balkan countries","Mentoring is one of the key elements to ensure meaningful European Solidarity Corps volunteering projects. People who work directly with volunteers benefit from understanding better, how the volunteers’ mental health can be promoted and supported.",https://www.salto-youth.net/tools/european-training-calendar/training/supporting-volunteer-s-mental-health-through-mentoring.15059/
14983,Training Course,Mentoring under construction - Focus Mentoring for Organisations - training based on the Mentoring framework,7-11 December 2026,Poznan,Poland,2026-09-06,6 September 2026,"Eastern Partnership countries , Erasmus+ Youth Programme countries , Southern Mediterranean countries , Western Balkan countries","Are you eager to improve mentoring support within the European Solidarity Corps (ESC) programme? - Join us for the ""Focus Mentoring"", a residential training course that allows you to dive deep into the Mentoring Competence Framework.",https://www.salto-youth.net/tools/european-training-calendar/training/mentoring-under-construction-focus-mentoring-for-organisations-training-based-on-the-mentoring-framework.14983/
15090,Training Course,How to talk about war,6-11 December 2026,Vienna,Austria,2026-09-06,6 September 2026,"Erasmus+ Youth Programme countries , Partner Countries Neighbouring the EU","The aim of the training is to develop the competences of youth workers to help them to engage young people in meaningful, informed, and sensitive conversations about wars and armed conflicts.",https://www.salto-youth.net/tools/european-training-calendar/training/how-to-talk-about-war.15090/
15080,Study Visit,Study Visit in the field of inclusion of migrant youth,11-17 October 2026,Şanlıurfa,Türkiye,2026-09-06,6 September 2026,"Erasmus+ Youth Programme countries , Partner Countries Neighbouring the EU","Observe frontline inclusion of migrant youth in Şanlıurfa. Visit local NGOs to analyze methodologies and build partnerships. With its massive displacement scale, the region offers a once-in-a-lifetime experience for youth practitioners.",https://www.salto-youth.net/tools/european-training-calendar/training/study-visit-in-the-field-of-inclusion-of-migrant-youth.15080/
15027,Seminar,“All in” - Seminar for youth workers on strengthening democratic values and attitudes in local communities,19-24 October 2026,Mostar,Bosnia and Herzegovina,2026-09-06,6 September 2026,"Erasmus+ Youth Programme countries , Partner Countries Neighbouring the EU","""All In"" brings together youth work practitioners to explore the role of youth work in times of polarisation and growing challenges to democracy. Participants will exchange practices, strengthen democratic approaches, and develop concrete local actions",https://www.salto-youth.net/tools/european-training-calendar/training/all-in-seminar-for-youth-workers-on-strengthening-democratic-values-and-attitudes-in-local-communities.15027/
15008,Training Course,Volu.M.Entry - Basics and essentials for E.S.C projects management,26 November - 3 December 2026,"Guillestre, France",France,2026-09-06,6 September 2026,Erasmus+ Youth Programme countries,"If you just landed on the European Solidarity Corps (E.S.C) planet, this training is the compass you need to start your journey!",https://www.salto-youth.net/tools/european-training-calendar/training/volu-m-entry-basics-and-essentials-for-e-s-c-projects-management.15008/
15217,Training Course,"Training course ""How to be a youth mentor?"" 2026",13-21 September 2026,Liepāja,Latvia,2026-09-06,6 September 2026,"Bulgaria, Georgia, Latvia, Lithuania, Poland",This training course is created to prepare youth mentors that can provide systematic individual support to young people with fever opportunities. Programme is based on a social service that we are providing to more than 200 young people every year.,https://www.salto-youth.net/tools/european-training-calendar/training/training-course-how-to-be-a-youth-mentor-2026.15217/
15168,Training Course,Growing Together,23-30 October 2026,Drusti,Latvia,2026-09-06,6 September 2026,"Czech Republic, France, Latvia, Republic of North Macedonia, Romania, Spain",Training course for youth workers interested in work with young people who became parents before age of 25,https://www.salto-youth.net/tools/european-training-calendar/training/growing-together.15168/
15179,Study Visit,From RURAL to PLURAL: Building Rural Youth Ecosystems through the European Youth Village,12-16 October 2026,"Sâncraiu, Cluj County",Romania,2026-09-06,6 September 2026,"Eastern Partnership countries , Erasmus+ Youth Programme countries , Southern Mediterranean countries , Western Balkan countries","The Study Visit not to miss if you work in rural youth organisations or National Agencies. Explore the European Youth Village model, strengthen rural youth ecosystems, and help inspire the 2027 European Rural Youth Summit.",https://www.salto-youth.net/tools/european-training-calendar/training/from-rural-to-plural-building-rural-youth-ecosystems-through-the-european-youth-village.15179/
15183,Study Visit,Study Visit on Inclusive Participation in Democratic Life,16-20 November 2026,"Antwerp, Venue TBC",Belgium - FL,2026-09-06,6 September 2026,"Eastern Partnership countries , Erasmus+ Youth Programme countries , Southern Mediterranean countries , Western Balkan countries",SALTO Participation & Information and SALTO Inclusion & Diversity invite youth workers and trainers to apply for a 3.5-day international study visit focusing on participation of young people with fewer opportunities in democratic life.,https://www.salto-youth.net/tools/european-training-calendar/training/study-visit-on-inclusive-participation-in-democratic-life.15183/
15268,Training Course,Roots & Routes - Adventure and Outdoor Education Training for Youth Work,12-18 October 2026,Metsäkartano Youth Center,Finland,2026-09-06,6 September 2026,Erasmus+ Youth Programme countries,This is a an Adventure and Outdoor Education Training course for Youth Work Professionals for develping personal nature connection and partnerships building around the themes of nature activities.,https://www.salto-youth.net/tools/european-training-calendar/training/roots-routes-adventure-and-outdoor-education-training-for-youth-work.15268/
15177,Training Course,Mentoring for Impact: Supporting Volunteers Beyond the Project,19-23 October 2026,Bucharest,Romania,2026-09-06,6 September 2026,"Erasmus+ Youth Programme countries , Partner Countries Neighbouring the EU","Mentoring for Impact is a training course for mentors, coordinators, and youth workers involved in European Solidarity Corps projects who want to strengthen the long-term impact of mentoring and better support volunteers beyond the project experience.",https://www.salto-youth.net/tools/european-training-calendar/training/mentoring-for-impact-supporting-volunteers-beyond-the-project.15177/
15249,Training Course,Moving Grief,3-8 October 2026,"PAS Rural Coliving, Cantabria",Spain,2026-09-06,6 September 2026,"Finland, Greece, Spain","4-day immersive training for youth workers working with migrants to explore migratory grief through experiential, nature-based and participatory learning, and co-create practical tools for their communities.",https://www.salto-youth.net/tools/european-training-calendar/training/moving-grief.15249/
15166,Training Course,Holding the Space: training course for emerging youth workers in building confidence and adaptability,1-8 November 2026,Ommen,Netherlands,2026-09-06,6 September 2026,"Hungary, Italy, Lithuania, Netherlands, Norway, Poland, Republic of North Macedonia, Romania, Slovenia, Spain","Holding the Space is an Erasmus+ Training Course for emerging youth workers to build confidence, adaptability, and facilitation skills through experiential learning, applied theatre, game-based methods, and peer exchange.",https://www.salto-youth.net/tools/european-training-calendar/training/holding-the-space-training-course-for-emerging-youth-workers-in-building-confidence-and-adaptability.15166/
14930,Training Course,Mental Health in Youth Work - Training Course,19-23 October 2026,,Finland,2026-09-07,7 September 2026,Erasmus+ Youth Programme countries,"The training provides a foundation for understanding how youth workers can strengthen and support young people’s mental health, wellbeing, and resilience; aimed for youth workers who work directly with young people in youth work settings.",https://www.salto-youth.net/tools/european-training-calendar/training/mental-health-in-youth-work-training-course.14930/
15165,E-learning,PLAY IS HUMAN RIGHT – The neuroscience of joy and the NVC practice of connection,24 September 2026,online,Poland,2026-09-07,7 September 2026,"Erasmus+ Youth Programme countries , Other countries in the world , Partner Countries Neighbouring the EU","Inspired by Jaak Panksepp’s affective neuroscience and Nonviolent Communication (NVC), this webinar explores how the PLAY system supports connection, resilience, creativity, and emotional wellbeing.",https://www.salto-youth.net/tools/european-training-calendar/training/play-is-human-right-the-neuroscience-of-joy-and-the-nvc-practice-of-connection.15165/
15281,Training Course,AI Literacy for Inclusive Youth Participation,15 October 2026,Ommen,Netherlands,2026-09-07,7 September 2026,"Bulgaria, France, Italy, Netherlands, Poland, Romania, Slovak Republic, Spain, Sweden, Türkiye","Youth workers are increasingly expected to support young people in AI-shaped online spaces. This training course builds the practical competences and facilitation skills to do that: misinformation and deepfakes, online influence, and responsible tool use.",https://www.salto-youth.net/tools/european-training-calendar/training/ai-literacy-for-inclusive-youth-participation.15281/
15228,E-learning,ONLINE MARKETPLACE AND DIGITAL SALES STRATEGIES TRAINING PROGRAMME,12 September 2026,Online,Türkiye,2026-09-07,7 September 2026,"Erasmus+ Youth Programme countries , Partner Countries Neighbouring the EU","Join GREENCRAFT’s 2-hour online training on digital marketing, social media, SEO, customer relations and online sales. Open to young people and youth workers. Full participation in both sessions is required to receive a Youthpass Certificate.",https://www.salto-youth.net/tools/european-training-calendar/training/online-marketplace-and-digital-sales-strategies-training-programme.15228/
15202,Study Visit,Study Visit on Safeguarding in ESC Teams — for ESC Coordinators & Mentors Only,28 September - 2 October 2026,Casaleggio Boiro (AL),Italy,2026-09-07,7 September 2026,"Finland, Portugal, Spain, Ukraine","For ESC coordinators, mentors & group leaders with hands-on experience managing ESC volunteers. Observe safeguarding in a live ESC Team in Italy, exchange peer practices, network with ESC professionals from 5 countries and co-design the November TC.",https://www.salto-youth.net/tools/european-training-calendar/training/study-visit-on-safeguarding-in-esc-teams-for-esc-coordinators-mentors-only.15202/
15269,Training Course,Facilitation StarterPack 1.0,26 October 2026 - 28 February 2027,Vilnius,Lithuania,2026-09-07,7 September 2026,Lithuania,"It is a 4 month program to explore the foundations of facilitation, experiment with different methods and approaches, and develop your own educational initiative for your local community.",https://www.salto-youth.net/tools/european-training-calendar/training/facilitation-starterpack-1-0.15269/
15250,Training Course,Future in Balance,14-23 October 2026,Manerba del Garda,Italy,2026-09-08,8 September 2026,Erasmus+ Youth Programme countries,"empowering people to build a balanced and sustainable future by working on their digital competences, promoting physical and mental health, practical green skills through non-formal education, intercultural learning, and international cooperation.",https://www.salto-youth.net/tools/european-training-calendar/training/future-in-balance.15250/
15251,E-learning,EMOTIONS IN CONSCIOUS MOTION,30 September 2026,,Poland,2026-09-08,8 September 2026,"Erasmus+ Youth Programme countries , Other countries in the world , Partner Countries Neighbouring the EU","In this webinar, we will explore emotions through the lens of Nonviolent Communication (NVC).",https://www.salto-youth.net/tools/european-training-calendar/training/emotions-in-conscious-motion.15251/
15127,E-learning,ID Talks: Social Sport,9 September - 4 November 2026,Online (Zoom),Belgium - FL,2026-09-08,8 September 2026,"Erasmus+ Youth Programme countries , Other countries in the world , Partner Countries Neighbouring the EU","The ID Talks are a series of 5 stand-alone online workshops on inclusion & diversity-related topics, with inspiring guest speakers, thought-provoking insights, small-group discussions and Q&A, not lasting more than 90 minutes each.",https://www.salto-youth.net/tools/european-training-calendar/training/id-talks-social-sport.15127/
15246,Training Course,"Draw the change : Graphic facilitation, stress and burnout in youth work.",29 September - 5 October 2026,Gołanice,Poland,2026-09-08,8 September 2026,"Erasmus+ Youth Programme countries , Partner Countries Neighbouring the EU","Youth work is rewarding but emotionally demanding. ""Draw the Change"" trains youth workers, trainers, and educators in Graphic Facilitation & Visual Thinking to boost engaging learning and prevent burnout",https://www.salto-youth.net/tools/european-training-calendar/training/draw-the-change-graphic-facilitation-stress-and-burnout-in-youth-work.15246/
15171,Training Course,Dealing with Conflict in Youth Work - II edition Italy,2-6 November 2026,Friuli Venezia Giulia,Italy,2026-09-08,8 September 2026,"Erasmus+ Youth Programme countries , Partner Countries Neighbouring the EU",Do you want to approach conflict as a natural and constructive part of your work? Join this training to explore how you can transform conflicts into opportunities for growth.,https://www.salto-youth.net/tools/european-training-calendar/training/dealing-with-conflict-in-youth-work-ii-edition-italy.15171/
15178,Training Course,Welcome in ESC,17-18 September 2026,ONLINE,France,2026-09-08,8 September 2026,Southern Mediterranean countries,A training course for South-Med organisations interested in joining the European Solidarity Corps programme. It will gather organisations interested to know more about ESC. This training course consists of 2 full days (17-18 september),https://www.salto-youth.net/tools/european-training-calendar/training/welcome-in-esc.15178/
15253,Training Course,"Live, Work, Create – Forwardlooking Youth Participation in Tromsø, the European Youth Capital of 2026",22-26 September 2026,"True North 2026, Tromsø",Norway,2026-09-08,8 September 2026,Erasmus+ Youth Programme countries,"Come to Tromsø, the European Youth Capital in 2026, and experience our first-ever Youth Participation festival. Training participants will also have study visits around the city, and facilitated discussions and workshops.",https://www.salto-youth.net/tools/european-training-calendar/training/live-work-create-forwardlooking-youth-participation-in-troms-the-european-youth-capital-of-2026.15253/
15243,Training Course,Play for Human Rights,23-31 October 2026,Dobczyce,Poland,2026-09-09,9 September 2026,"Austria, Estonia, Hungary, Latvia, Lithuania, Poland, Portugal, Romania","Play for Human Rights is a 7-day training course for youth workers in Dobczyce, Poland (23–31 Oct 2026), using immersive role-play to develop skills in human rights education, intercultural learning, inclusion and democratic participation.",https://www.salto-youth.net/tools/european-training-calendar/training/play-for-human-rights.15243/
15207,E-learning,DEMPOD Online Podcast Festival,14-18 September 2026,Online,Romania,2026-09-09,9 September 2026,"Erasmus+ Youth Programme countries , Other countries in the world , Partner Countries Neighbouring the EU","Ready to amplify your voice and drive social change? DEMPOD Online Podcast Festival is a 5-day event (14-18 September 2026, 17:00-19:30 CET daily), aiming to empower participants to use podcasting as a tool for civic engagement.",https://www.salto-youth.net/tools/european-training-calendar/training/dempod-online-podcast-festival.15207/
15214,Training Course,"LIFT — Leadership, Impact, Facilitation & Teamwork",17-23 October 2026,Rabka - Zdroj,Poland,2026-09-09,9 September 2026,Erasmus+ Youth Programme countries,LIFT is a training program designed for people who want to develop as youth facilitators while becoming part of a trusted network of practitioners engaged in international youth work.,https://www.salto-youth.net/tools/european-training-calendar/training/lift-leadership-impact-facilitation-teamwork.15214/
15256,Training Course,Unburnable: Mental Well-being and Resilience for Human Rights Educators,14-22 October 2026,Coma-ruga (Tarragona),Spain,2026-09-10,10 September 2026,"Eastern Partnership countries , Erasmus+ Youth Programme countries , Western Balkan countries","Unpredictable contexts affect human rights educators' well-being, leading to burnout. This course helps youth workers build resilience and find tools to enhance their mental health and that of the young people they support.",https://www.salto-youth.net/tools/european-training-calendar/training/unburnable-mental-well-being-and-resilience-for-human-rights-educators.15256/
15255,Training Course,"Communication, Networking, and Social Integration for youth with fewer opportunities in Poland",13 September - 8 November 2026,Warsaw,Poland,2026-09-10,10 September 2026,"Erasmus+ Youth Programme countries , Other countries in the world , Partner Countries Neighbouring the EU","A practical training cycle empowering youth with basic soft-skills, cross-cultural communication skills, and networking strategies for integration in Poland, featuring non-formal learning and peer support.",https://www.salto-youth.net/tools/european-training-calendar/training/communication-networking-and-social-integration-for-youth-with-fewer-opportunities-in-poland.15255/
15277,Training Course,Healthy Connections: Build a Health Festival in Kozani,1-16 November 2026,Kozani,Greece,2026-09-10,10 September 2026,"Erasmus+ Youth Programme countries , Partner Countries Neighbouring the EU","Healthy Connections within Society brings six young volunteers to Kozani, Greece, from 1–16 November 2026 to create a public health festival for World Diabetes Day.",https://www.salto-youth.net/tools/european-training-calendar/training/healthy-connections-build-a-health-festival-in-kozani.15277/
14984,Training Course,Project Lab: Tandem,2-6 November 2026,,Lithuania,2026-09-10,10 September 2026,Erasmus+ Youth Programme countries,"An application writing workshop in Vilnius, framed to prepare a quality application within E+ youth programmes.",https://www.salto-youth.net/tools/european-training-calendar/training/project-lab-tandem.14984/
15109,Training Course,D.C.O.D.E. – Decoding Dopamine: A Strategic Map for Youth Workers,24 October - 2 November 2026,"Casa Negrea, Ighiu, Alba",Romania,2026-09-10,10 September 2026,"Greece, Portugal, Romania, Spain, Türkiye","D.C.O.D.E. is an Erasmus+ Training Course in Ighiu, Romania, for 25 youth workers from five countries. It explores dopamine, attention and digital habits, offering practical non-formal tools for healthier technology use.",https://www.salto-youth.net/tools/european-training-calendar/training/d-c-o-d-e-decoding-dopamine-a-strategic-map-for-youth-workers.15109/
15040,Training Course,Harry Totter and the Facilitator's Stone,11-18 October 2026,,Slovenia,2026-09-11,11 September 2026,"Austria, Estonia, France, Germany, Italy, Latvia, Lithuania, Poland, Republic of North Macedonia, Serbia, Slovenia, Spain, Türkiye","Facilitation is more than leading activities. Explore how to create safe, meaningful and impactful learning experiences, develop your own facilitation style, and deepen your understanding of non-formal education.",https://www.salto-youth.net/tools/european-training-calendar/training/harry-totter-and-the-facilitator-s-stone.15040/
15058,Partnership-building Activity,Partnership Building Activity for Quality YouSports Mobility Projects,9-13 November 2026,,Malta,2026-09-11,11 September 2026,"Erasmus+ Youth Programme countries , Partner Countries Neighbouring the EU",This PBA is aimed at organisations interested in preparing an application for a youth mobility project on sport,https://www.salto-youth.net/tools/european-training-calendar/training/partnership-building-activity-for-quality-yousports-mobility-projects.15058/
15263,Training Course,Creative circles: Voices,26 October - 1 November 2026,,Slovenia,2026-09-12,12 September 2026,"Austria, Belgium - DE, Belgium - FL, Belgium - FR, Bulgaria, Croatia, Cyprus, Czech Republic, Denmark, Estonia, Finland, France, Germany, Greece, Hungary, Iceland, Ireland, Italy, Latvia, Liechtenstein, Lithuania, Luxembourg, Malta, Netherlands, Norway, Poland, Portugal, Republic of North Macedonia, Romania, Serbia, Slovak Republic, Slovenia, Spain, Sweden, Switzerland","Creative Circles: Voices is an exploratory training for youth workers using voice, music, storytelling and embodied practices to explore self-expression, connection and participation, and co-develop methods for youth work.",https://www.salto-youth.net/tools/european-training-calendar/training/creative-circles-voices.15263/
15221,Training Course,“Resilience in Action – HEAL-SET Methodology”,26-30 October 2026,Plovdiv,Bulgaria,2026-09-12,12 September 2026,"Eastern Partnership countries , Erasmus+ Youth Programme countries , Western Balkan countries",The Training and Cooperation Activity “Resilience in Action – HEAL-SET Methodology” is an international training course designed to strengthen the capacity of youth workers,https://www.salto-youth.net/tools/european-training-calendar/training/resilience-in-action-heal-set-methodology.15221/
15262,E-learning,Wellness Navigators - Webinar Series,1 October 2026 - 28 February 2027,,Poland,2026-09-12,12 September 2026,"Erasmus+ Youth Programme countries , Other countries in the world , Partner Countries Neighbouring the EU","The webinars explore youth well-being through Body, Mind, Emotions and Connection, combining practical tools, experiential activities and approaches such as Nonviolent Communication, embodiment, mindfulness and creative methods.",https://www.salto-youth.net/tools/european-training-calendar/training/wellness-navigators-webinar-series.15262/
15203,Seminar,Growing Youth Work in Eastern Europe and Caucasus,30 November - 4 December 2026,Tbilisi,Georgia,2026-09-13,13 September 2026,"Eastern Partnership countries , Erasmus+ Youth Programme countries , Western Balkan countries","A seminar exploring youth work in Eastern Europe and the Caucasus, offering space to exchange experiences, learn from one another, and explore how European cooperation can support youth work development across the region.",https://www.salto-youth.net/tools/european-training-calendar/training/growing-youth-work-in-eastern-europe-and-caucasus.15203/
15104,Conference – Symposium - Forum,International European Solidarity Corps Quality Label Experts meeting 2026,16-20 November 2026,Budapest,Hungary,2026-09-13,13 September 2026,"United Kingdom, Eastern Partnership countries , Erasmus+ Youth Programme countries , Southern Mediterranean countries , Western Balkan countries",The International European Solidarity Corps Quality Label Experts Meeting is a biennial meeting of Quality Label experts and officers from National Agencies and SALTO Resource Centres.,https://www.salto-youth.net/tools/european-training-calendar/training/international-european-solidarity-corps-quality-label-experts-meeting-2026.15104/
15083,Seminar,WE NEET YOU: Seminar on Pathways for NEET Youth,20-24 October 2026,Ankara,Türkiye,2026-09-13,13 September 2026,"Eastern Partnership countries , Erasmus+ Youth Programme countries , Southern Mediterranean countries , Western Balkan countries","This seminar aims to strengthen the competences of youth workers by exploring the challenges faced by NEET youth, sharing good practices and discussing practical approaches to outreach, engagement and empowerment.",https://www.salto-youth.net/tools/european-training-calendar/training/we-neet-you-seminar-on-pathways-for-neet-youth.15083/
15235,Training Course,Climate-Conscious Youth Work (2nd edition),13-20 October 2026,Kaunas district,Lithuania,2026-09-13,13 September 2026,Erasmus+ Youth Programme countries,"This training course will support youth workers in integrating climate and sustainability perspectives in their professional activities. Participants will explore global trends, learn practical tools and approaches.",https://www.salto-youth.net/tools/european-training-calendar/training/climate-conscious-youth-work-2nd-edition.15235/
15124,Study Visit,"EGL-DR – Empowerment Youth, from Policy to Practice: How Municipal Approaches Can Drive Transformative Change Study Visit",23-27 November 2026,Strasbourg,France,2026-09-13,13 September 2026,Erasmus+ Youth Programme countries,How can municipalities move from simply asking young people for their opinion to actually designing and managing urban spaces and youth policies together?,https://www.salto-youth.net/tools/european-training-calendar/training/egl-dr-empowerment-youth-from-policy-to-practice-how-municipal-approaches-can-drive-transformative-change-study-visit.15124/
15185,Conference – Symposium - Forum,Volunteering Forum,8-11 October 2026,İstanbul,Türkiye,2026-09-14,14 September 2026,"Erasmus+ Youth Programme countries , Partner Countries Neighbouring the EU","Are you working with and for volunteering in ESC? Have you ever volunteered in an ESC/EVS project or coordinated one? Join us in İstanbul for the Volunteering Forum, taking place in 8-11 October 2026",https://www.salto-youth.net/tools/european-training-calendar/training/volunteering-forum.15185/
15254,Partnership-building Activity,Past Forward,5-9 November 2026,Coma-ruga (Tarragona),Spain,2026-09-14,14 September 2026,"Eastern Partnership countries , Erasmus+ Youth Programme countries , Western Balkan countries","Past Forward is designed for experienced organisations committed to human rights and remembrance education. Join us to share, explore and co-create meaningful cross-border partnerships to promote dignity and democratic values around Europe.",https://www.salto-youth.net/tools/european-training-calendar/training/past-forward.15254/
14905,Seminar,Why municipal youth participation?,16-21 November 2026,Budapest EYCB,Hungary,2026-09-15,15 September 2026,"ANDORRA, MONACO, Morocco, SAN MARINO, Tunisia, United Kingdom, Eastern Partnership countries , Erasmus+ Youth Programme countries , Western Balkan countries","The Council of Europe Youth Department, in the framework of the project Youth revitalising democracy, and the Democracy Reloading Partnership of Erasmus+ national agencies are organising a joint Seminar for municipal youth participation policy makers.",https://www.salto-youth.net/tools/european-training-calendar/training/why-municipal-youth-participation.14905/
15295,Seminar,Visible & Safe in the Entertainment Scene in Europe: Research workshop,17 September 2026,Zoom,Bulgaria,2026-09-15,15 September 2026,"Erasmus+ Youth Programme countries , Other countries in the world , Partner Countries Neighbouring the EU","Across Greece, Cyprus, Bulgaria and Ireland, we reached out to the artists and community members who make art scenes come to life, diving deep into their experiences of belonging and community, identity and visibility, harassment and safety.",https://www.salto-youth.net/tools/european-training-calendar/training/visible-safe-in-the-entertainment-scene-in-europe-research-workshop.15295/
15272,Training Course,"Yes, and… Go! Entrepreneurial Resilience Through Improv",14-22 November 2026,Bansko,Bulgaria,2026-09-15,15 September 2026,Erasmus+ Youth Programme countries,"Ready to turn ideas into action—and have fun doing it? Join Yes, and... Go! in Bansko and discover how theatre improv can boost your creativity, confidence, and entrepreneurial mindset while giving you fresh tools to inspire young people.",https://www.salto-youth.net/tools/european-training-calendar/training/yes-and-go-entrepreneurial-resilience-through-improv.15272/
15271,Training Course,Beyond the Frame: Collage for Youth Mental Wellbeing and Civic Action,4-9 October 2026,Giardini Naxos,Italy,2026-09-15,15 September 2026,Erasmus+ Youth Programme countries,"Learn practical, low-barrier collage methods to support young people's mental health and civic voice. A 5-day residential training for youth workers in Giardini Naxos, Sicily, blending art therapy, social psychology and non-formal facilitation.",https://www.salto-youth.net/tools/european-training-calendar/training/beyond-the-frame-collage-for-youth-mental-wellbeing-and-civic-action.15271/
15147,Training Course,From Uncertainty to Action,7 December 2026,Antwerp - Pulcinella Youth Hostel,Belgium - FL,2026-09-15,15 September 2026,Erasmus+ Youth Programme countries,"Training course for young people that is in line with the European focus on preparedness, adding a practical, youth-led perspective",https://www.salto-youth.net/tools/european-training-calendar/training/from-uncertainty-to-action.15147/
15153,Training Course,Storytelling: discovering the inner superhero,4-10 November 2026,Trento,Italy,2026-09-15,15 September 2026,Erasmus+ Youth Programme countries,"Youth Workers Exchange - Training Course to promote learning, skills and competence development and recognition through youth work, volunteering, and non-formal learning, focusing on storytelling methodologies.",https://www.salto-youth.net/tools/european-training-calendar/training/storytelling-discovering-the-inner-superhero.15153/
15231,Training Course,Storytelling as a Tool for Change,20-25 November 2026,Statek Habri,Czech Republic,2026-09-15,15 September 2026,Erasmus+ Youth Programme countries,"Erasmus+ call for an international youth worker training course ""Storytelling as a Tool for Change"" in the Czech Republic (Nov 2026). It trains workers to use narrative methods to foster empathy, inclusion, and connection in youth work.",https://www.salto-youth.net/tools/european-training-calendar/training/storytelling-as-a-tool-for-change.15231/
15240,Conference – Symposium - Forum,CIRCLE-T webinar,16 September 2026,,Ireland,2026-09-15,15 September 2026,Erasmus+ Youth Programme countries,"Take part in the CIRCLE-T Webinar, a 1-hour lunch-time webinar to learn all about the CIRCLE-T Project!",https://www.salto-youth.net/tools/european-training-calendar/training/circle-t-webinar.15240/
15218,Conference – Symposium - Forum,International Conference Mladost (je) ni norost 2026,18-19 November 2026,"BAZA, Center mladih Ljubljana",Slovenia,2026-09-16,16 September 2026,"Erasmus+ Youth Programme countries , Western Balkan countries",Theme: Supporting neurodiversity in youth work Organised by: Javni zavod Mladi zmaji & NA Movit,https://www.salto-youth.net/tools/european-training-calendar/training/international-conference-mladost-je-ni-norost-2026.15218/
15259,Training Course,"Empowering Youth Participation & Democratic Engagement: Online Activity-Based Civic Education Training for Trainers, Educators, Teachers & Youth Workers",13 October 2026,Online,Germany,2026-09-16,16 September 2026,"Erasmus+ Youth Programme countries , Partner Countries Neighbouring the EU","Join the Youth4Change ToT – Empowering Youth Participation & Democratic Engagement and learn how to facilitate interactive workshops and activities on citizenship, democracy, civic engagement and youth participation.",https://www.salto-youth.net/tools/european-training-calendar/training/empowering-youth-participation-democratic-engagement-online-activity-based-civic-education-training-for-trainers-educators-teachers-youth-workers.15259/
15258,Training Course,"Media Literacy, Misinformation & Digital Citizenship Online Activity-Based Civic Education Training for Trainers, Educators, Teachers & Youth Workers",15 October 2026,Online,Germany,2026-09-16,16 September 2026,"Erasmus+ Youth Programme countries , Partner Countries Neighbouring the EU","Join the Youth4Change Training of Trainers – Media Literacy, Misinformation & Digital Citizenship and explore practical tools, participatory methodologies and hands-on activities for delivering participatory civic education workshops.",https://www.salto-youth.net/tools/european-training-calendar/training/media-literacy-misinformation-digital-citizenship-online-activity-based-civic-education-training-for-trainers-educators-teachers-youth-workers.15258/
15239,Training Course,"WWF-led Educator Training ""Getting Active for Nature""",1 November 2026 - 1 February 2027,"Kick-off Training: St. Gilgen, 13-15 Nov",Austria,2026-09-17,17 September 2026,"Austria, Czech Republic, Germany, Hungary, Italy, Liechtenstein, Slovak Republic, Slovenia, Switzerland","Be part of a hands-on (offline/online) training course for educators, that will cover topics such as biodiversity and nature connection, global to local problem solving, facilitating action-centered learning and supporting youth-led action projects.",https://www.salto-youth.net/tools/european-training-calendar/training/wwf-led-educator-training-getting-active-for-nature.15239/
15299,Training Course,Sport for Sustainable Development,17-24 October 2026,Jánoshalma,Hungary,2026-09-17,17 September 2026,"Bulgaria, Czech Republic, Greece, Hungary, Portugal, Serbia, Spain","What if sport could do more than move people - what if it could move society forward? Explore Education Through Sport, discover how to promote the SDGs through movement, and gain practical tools to create meaningful change in your youth work.",https://www.salto-youth.net/tools/european-training-calendar/training/sport-for-sustainable-development.15299/
15135,Study Visit,International Seen & Heard Festival,2-5 December 2026,Dublin,Ireland,2026-09-18,18 September 2026,"Austria, Czech Republic, Egypt, Germany, Ireland, Italy, Lithuania, Netherlands","Celebrate 30 years of EU-funded youth volunteering at the International Seen & Heard Festival Study Visit in Dublin, Ireland, taking place 2–5 December 2026 around International Volunteer Day.",https://www.salto-youth.net/tools/european-training-calendar/training/international-seen-heard-festival.15135/
15287,Training Course,"Training Course ""Roots"" - Life Paths",4-9 October 2026,Vorselaar,Belgium - FL,2026-09-18,18 September 2026,"Denmark, Estonia, France, Germany, Italy, Latvia, Lithuania, Luxembourg, Netherlands, Norway, Sweden, Ukraine","""Roots"": we will work on 5 pillars of life that shape the crucial transition to adulthood: - Well-being - Finances - Daytime activities - Network - Housing",https://www.salto-youth.net/tools/european-training-calendar/training/training-course-roots-life-paths.15287/
15216,Training Course,Youth Workers as Mental Health Supporters,1-10 October 2026,Sakarya,Türkiye,2026-09-18,18 September 2026,Erasmus+ Youth Programme countries,"“Youth Workers as Mental Health Supporters” empowers 28 youth workers through mental health, empathy, communication and digital literacy training, helping them combat misinformation and support young people’s well-being in their communities.",https://www.salto-youth.net/tools/european-training-calendar/training/youth-workers-as-mental-health-supporters.15216/
15267,Conference – Symposium - Forum,VIRTUALLYEDU Final Conference - Bridging the Digital Skills Divide in Youth Work and Education,21 September 2026,Zoom,Sweden,2026-09-19,19 September 2026,"Erasmus+ Youth Programme countries , Partner Countries Neighbouring the EU",The VIRTUALLYEDU Final Conference bringins together the consortium partners and labour market experts to share the results of the Virtual Exchange Programme delivered across higher education and youth settings.,https://www.salto-youth.net/tools/european-training-calendar/training/virtuallyedu-final-conference-bridging-the-digital-skills-divide-in-youth-work-and-education.15267/
15102,Seminar,Sparking Change: Enhancing Community Impact in European Solidarity Corps Activities,23-27 November 2026,,Italy,2026-09-20,20 September 2026,"Erasmus+ Youth Programme countries , Partner Countries Neighbouring the EU",Are you involved in volunteering and solidarity projects? Or are you interested in community impact? If you want to dive deeper into community impact join our seminar to discover how to make a tangible difference through your activities.,https://www.salto-youth.net/tools/european-training-calendar/training/sparking-change-enhancing-community-impact-in-european-solidarity-corps-activities.15102/
15164,Seminar,Bringing Agile Learning into Youth Work,21 September 2026,online,Czech Republic,2026-09-20,20 September 2026,"Erasmus+ Youth Programme countries , Other countries in the world , Partner Countries Neighbouring the EU","How do we move away from asking ""How do we deliver content?"" to ""How do we create a learning process that helps people grow, adapt, and learn continuously?""",https://www.salto-youth.net/tools/european-training-calendar/training/bringing-agile-learning-into-youth-work.15164/
15274,Training Course,EDU4ALL,10-17 October 2026,Tallinn,Estonia,2026-09-20,20 September 2026,"Armenia, Estonia, Finland, Georgia, Germany, Latvia, Lithuania, Moldova, Poland, Portugal","EDU4ALL is an international training course on inclusive education, focused on identifying barriers and adapting educational methods, environment and materials to the diverse needs and abilities of young people. TC will be in Russian.",https://www.salto-youth.net/tools/european-training-calendar/training/edu4all.15274/
15282,Training Course,Second Life - Smart Consumers,17-24 November 2026,Bakuriani,Georgia,2026-09-20,20 September 2026,"Bulgaria, Slovak Republic, Türkiye","The aim of the project is to bring together 28 young leaders, and promote circular consumption habits by developing their facilitating competencies and sharing good practices, digital tools and developing further dissemination plans.",https://www.salto-youth.net/tools/european-training-calendar/training/second-life-smart-consumers.15282/
15283,Training Course,Sportive Horizons,8-16 October 2026,Agros,Cyprus,2026-09-20,20 September 2026,"Croatia, Cyprus, Germany, Italy, Serbia","Sportive Horizons is a training activity for youth workers exploring how sport and tourism can foster entrepreneurship, employability and inclusion, while developing practical skills to create sustainable initiatives and opportunities for young people.",https://www.salto-youth.net/tools/european-training-calendar/training/sportive-horizons.15283/
15232,Partnership-building Activity,PBA with Study Visit Elements on Democratic Transformation and European Values,16-20 November 2026,Wrocław,Poland,2026-09-20,20 September 2026,"Eastern Partnership countries , Erasmus+ Youth Programme countries , Western Balkan countries","This activity brings together youth work practitioners to explore democratic transformation, European values and the role of youth work in strengthening participation, active citizenship and democratic culture.",https://www.salto-youth.net/tools/european-training-calendar/training/pba-with-study-visit-elements-on-democratic-transformation-and-european-values.15232/
15167,Conference – Symposium - Forum,"Evidence-based approach in Erasmus+ and European Solidarity Corps: Innovations in Research, Research on Innovations",25-26 November 2026,Warsaw,Poland,2026-09-20,20 September 2026,"Eastern Partnership countries , Erasmus+ Youth Programme countries , Southern Mediterranean countries , Western Balkan countries","The 10th, anniversary edition of the international conference “Evidence-Based Approach in Erasmus+ and the European Solidarity Corps”. This year’s edition comes at a time when reflection on the future of Erasmus+ (2028–2034) is gaining momentum.",https://www.salto-youth.net/tools/european-training-calendar/training/evidence-based-approach-in-erasmus-and-european-solidarity-corps-innovations-in-research-research-on-innovations.15167/
15292,Training Course,"YOUTH WORK CREATE-Creativity, Resilience, Entrepreneurship & Action Through Empowerment",5-13 October 2026,Bansko,Bulgaria,2026-09-20,20 September 2026,Erasmus+ Youth Programme countries,The Training Course will explore the role of youth work in supporting the career development and empowerment of young people living in rural and smaller communities in a rapidly changing world.,https://www.salto-youth.net/tools/european-training-calendar/training/youth-work-create-creativity-resilience-entrepreneurship-action-through-empowerment.15292/
15289,Seminar,Youth Work Today – Facing New Realities,6-10 December 2026,Leipzig,Germany,2026-09-20,20 September 2026,"France, Germany, Ukraine","Professionals and volunteers from Germany, France and Ukraine share experiences, explore youth work challenges and develop new approaches, focusing on media education, mental health and international youth work to strengthen democracy and social cohesion.",https://www.salto-youth.net/tools/european-training-calendar/training/youth-work-today-facing-new-realities.15289/
15279,Training Course,Break the Silence,24-31 October 2026,"Lisieux, Saint Desir",France,2026-09-20,20 September 2026,"France, Germany, Hungary, Italy","The mobility is for the youth who want to raise awareness about an inclusion and diversity topic, promote it among their peers and young people.",https://www.salto-youth.net/tools/european-training-calendar/training/break-the-silence.15279/
14974,Training Course,EAC EMPOWER Impact: Safe Space - Finding Your Voice & Presence,24 September 2026,Online,Spain,2026-09-22,22 September 2026,"Cyprus, Estonia, France, Germany, Spain","Train youth workers who explore how to guide young people to overcome self-doubt to turn cameras on, speak up, and comfortably occupy space in virtual environments.",https://www.salto-youth.net/tools/european-training-calendar/training/eac-empower-impact-safe-space-finding-your-voice-presence.14974/
15194,Training Course,Quality in Practice: Strengthening Youth Organisations through Self-Assessment and Learning,23-27 November 2026,,Malta,2026-09-22,22 September 2026,Erasmus+ Youth Programme countries,"This training introduces a Self-Assessment Tool for Quality Work with Young People developed in Malta, enabling participants to explore quality assurance, reflective practice, and the exchange of good practices.",https://www.salto-youth.net/tools/european-training-calendar/training/quality-in-practice-strengthening-youth-organisations-through-self-assessment-and-learning.15194/
15193,E-learning,Erasmus+ Sport Speed Dating: 1st Online Edition,6 October 2026,ONLINE,Romania,2026-09-24,24 September 2026,Erasmus+ Youth Programme countries,"Romanian National Agency invites sport organisations new to the Erasmus+ Sport framework to join the 1st Online Edition of “Erasmus+ Sport Speed Dating”, a dedicated space to discover, connect, and start your Erasmus+ journey.",https://www.salto-youth.net/tools/european-training-calendar/training/erasmus-sport-speed-dating-1st-online-edition.15193/
15248,Training Course,Getting started with CP’s – Introduction to KA2,19-24 October 2026,Chania,Greece,2026-09-25,25 September 2026,Erasmus+ Youth Programme countries,This training course is organised within the Erasmus+/Youth Programme and designed to increase participants’ competences in developing Cooperation Partnerships under Erasmus+/Youth Key Action 2.,https://www.salto-youth.net/tools/european-training-calendar/training/getting-started-with-cp-s-introduction-to-ka2.15248/
15270,Training Course,Tools for Youth Exchanges,2-7 November 2026,Thessaloniki,Greece,2026-09-27,27 September 2026,Erasmus+ Youth Programme countries,"Tools for Youth Exchanges (TYE) is an engaging and practical training experience, where you can explore, test, collaborate and construct tools for building better youth exchange projects.",https://www.salto-youth.net/tools/european-training-calendar/training/tools-for-youth-exchanges.15270/
15215,Seminar,Discover EU Inclusion Meeting,23-26 November 2026,Brussel,Belgium - FL,2026-09-29,29 September 2026,Erasmus+ Youth Programme countries,Are you working with Discover EU Inclusion and keen to sharpen your practice alongside peer applicants? This meeting brings together experienced organisations to share practices and build international connections.,https://www.salto-youth.net/tools/european-training-calendar/training/discover-eu-inclusion-meeting.15215/
15244,Training Course,Co-create space with and for youth,14-18 December 2026,Brussels,Belgium - FL,2026-09-29,29 September 2026,"Erasmus+ Youth Programme countries , Partner Countries Neighbouring the EU","How do we design physical spaces where young people truly feel welcome, safe, and heard? What happens when young people themselves shape those spaces together with youth workers and placemakers?",https://www.salto-youth.net/tools/european-training-calendar/training/co-create-space-with-and-for-youth.15244/
14367,Training Course,"Solidarity Project lab ""Solidarity projects step by step""",17-19 November 2026,Luxembourg,Luxembourg,2026-09-30,30 September 2026,Erasmus+ Youth Programme countries,This is a workshop for young people aged 18-30 about solidarity projects. Participants are guided from the idea to the project,https://www.salto-youth.net/tools/european-training-calendar/training/solidarity-project-lab-solidarity-projects-step-by-step.14367/
14430,Training Course,Spaces that Empower: Rethinking Environments for Young People in Europe (IN GERMAN LANGUAGE),17-20 November 2026,Luxembourg,Luxembourg,2026-09-30,30 September 2026,Erasmus+ Youth Programme countries,"We will focus on how different types of youth spaces can empower young people. Through study visits, workshops, participants will explore best practices.",https://www.salto-youth.net/tools/european-training-calendar/training/spaces-that-empower-rethinking-environments-for-young-people-in-europe-in-german-language.14430/
15224,Seminar,Global Education Lab Training #3 : CARE & INDIGENEITY,3-10 November 2026,"Köniz, Bern",Switzerland,2026-09-30,30 September 2026,"Erasmus+ Youth Programme countries , Other countries in the world , Partner Countries Neighbouring the EU","We are bringing people together from all over the world to share methods, knowledge and strategies for combating the global «care crisis» – and to develop educational formats together.",https://www.salto-youth.net/tools/european-training-calendar/training/global-education-lab-training-3-care-indigeneity.15224/
15276,Seminar,STORYBUILDERS LAB: From Story to STEAM Challenge in Youth Work,6-29 October 2026,Zoom,Greece,2026-09-30,30 September 2026,"Erasmus+ Youth Programme countries , Other countries in the world , Partner Countries Neighbouring the EU","A practice-based e-learning course for youth workers, youth leaders, trainers and facilitators who want to explore how storytelling, creative construction and STEAM can become tools for participation, problem solving and non-formal learning.",https://www.salto-youth.net/tools/european-training-calendar/training/storybuilders-lab-from-story-to-steam-challenge-in-youth-work.15276/
15280,E-learning,Massive Open Online Course on European Solidarity Corps 2026,5 October - 30 November 2026,HOP Online Platform,Ireland,2026-09-30,30 September 2026,"Erasmus+ Youth Programme countries , Partner Countries Neighbouring the EU","A free and open online course for everyone interested in exploring European Solidarity Corps (ESC). During the 8-week course, you will discover how you can use ALL the opportunities that the Programme has to offer.",https://www.salto-youth.net/tools/european-training-calendar/training/massive-open-online-course-on-european-solidarity-corps-2026.15280/
15285,Training Course,OPEN CALL FOR PARTICIPANTS - Growing into Real Leaders – GIRL,12-18 December 2026,Brussels,Belgium - FR,2026-09-30,30 September 2026,Erasmus+ Youth Programme countries,"PAL Network seeks 4 women (18-25) and 1 youth leader (18-29) for GIRL, an international learning experience on leadership and empowerment. Priority for Roma women and those facing discrimination. Accommodation covered; travel reimbursed up to €56.",https://www.salto-youth.net/tools/european-training-calendar/training/open-call-for-participants-growing-into-real-leaders-girl.15285/
15245,Training Course,Inclusion & Diversity in Youth Work,22-28 October 2026,Bansko,Bulgaria,2026-10-01,1 October 2026,Erasmus+ Youth Programme countries,"We invite youth associations to participate in our TC, designed to foster connections and collaboration within the field of inclusion in youth work.",https://www.salto-youth.net/tools/european-training-calendar/training/inclusion-diversity-in-youth-work.15245/
15205,Training Course,CirqueVibe - Circus for Well-being and Inclusion in Youth Work,15-21 November 2026,Prague,Czech Republic,2026-10-01,1 October 2026,Slovenia,This training of trainers is organized as a part of the CirqueVibe project that brings together circus pedagogy and social work with focus on marginalized youth (18-25 years of age).,https://www.salto-youth.net/tools/european-training-calendar/training/cirquevibe-circus-for-well-being-and-inclusion-in-youth-work.15205/
15294,Conference – Symposium - Forum,EmpowerYouth Forum 3.0: Bringing Change to Communities,16-20 November 2026,"Sandviken, Gävle",Sweden,2026-10-02,2 October 2026,Erasmus+ Youth Programme countries,"""The Empower Youth Forum"" brings together youth workers from across Europe to exchange best practices, explore the Swedish context of youth work, and strengthen inclusive engagement through innovation, collaboration, and impact.",https://www.salto-youth.net/tools/european-training-calendar/training/empoweryouth-forum-3-0-bringing-change-to-communities.15294/
14963,Training Course,ScreenWriting for Social Change: Tell the Story that Changes the World,12 October - 14 December 2026,Online,United Kingdom,2026-10-02,2 October 2026,"Erasmus+ Youth Programme countries , Other countries in the world , Partner Countries Neighbouring the EU","Screenwriting for social change: 10-week programme mixing creative writing, personal reflections, filmmaking & group dialogue. Develop your authentic story and create a purpose-driven short film.",https://www.salto-youth.net/tools/european-training-calendar/training/screenwriting-for-social-change-tell-the-story-that-changes-the-world.14963/
15180,Training Course,MindBoost Academy: Mental Health & Youth Work,13-18 January 2027,Breda,Netherlands,2026-10-02,2 October 2026,"Netherlands, Serbia","MindBoost Academy: Mental Health & Youth Work is an Erasmus+ training for youth workers from the Netherlands and Serbia to co-create a practical mental health toolkit while developing skills in resilience, peer support and non-formal education.",https://www.salto-youth.net/tools/european-training-calendar/training/mindboost-academy-mental-health-youth-work.15180/
15273,Study Visit,Study Visit to Estonia,30 November - 4 December 2026,Tallinn and Tartu,Estonia,2026-10-04,4 October 2026,"Denmark, Estonia, Sweden",The activity is a 3-day study visit to Estonia where the purpose of the study visit is to learn how municipalities and organisations in Estonia work with the European youth programs.,https://www.salto-youth.net/tools/european-training-calendar/training/study-visit-to-estonia.15273/
15182,Partnership-building Activity,Partnership Building Activity with Study Visits in the field of Sport,9-14 November 2026,Antalya,Türkiye,2026-10-04,4 October 2026,"Eastern Partnership countries , Erasmus+ Youth Programme countries , Southern Mediterranean countries , Western Balkan countries","This activity combines study visits and partnership-building sessions for organisations using sport to promote social inclusion. Participants will exchange good practices, build international partnerships and explore future Erasmus+ Sport projects.",https://www.salto-youth.net/tools/european-training-calendar/training/partnership-building-activity-with-study-visits-in-the-field-of-sport.15182/
14419,E-learning,Democracy Reloading Webinars 2026: Developing youth participation in municipal decisions,7 October 2026,online,Belgium - FR,2026-10-04,4 October 2026,"United Kingdom, Eastern Partnership countries , Erasmus+ Youth Programme countries , Southern Mediterranean countries , Western Balkan countries",Four 90-minute webinars focusing on the four key competences for municipalities in developing youth participation in municipal decisions.,https://www.salto-youth.net/tools/european-training-calendar/training/democracy-reloading-webinars-2026-developing-youth-participation-in-municipal-decisions.14419/
15041,Training Course,Dive into Youth Participation,23-27 November 2026,Shkodër,Albania,2026-10-05,5 October 2026,"Erasmus+ Youth Programme countries , Western Balkan countries","A training course for youth workers and youth leaders who want to strengthen quality youth participation, explore Erasmus+ Youth Participation Activities (KA154), and develop projects that empower young people to take an active role in democratic life.",https://www.salto-youth.net/tools/european-training-calendar/training/dive-into-youth-participation.15041/
15288,Training Course,Europe Goes Local: Using Erasmus+ KA153 Mobility Projects to Strengthen Local Youth Work,8-10 December 2026,Belgrade,Serbia,2026-10-11,11 October 2026,"Austria, Belgium - FL, Bulgaria, Croatia, Czech Republic, Denmark, France, Germany, Greece, Hungary, Iceland, Ireland, Italy, Luxembourg, Norway, Portugal, Republic of North Macedonia, Romania, Serbia, Slovak Republic, Slovenia, Sweden, Switzerland",The training course is part of the Europe Goes Local and aims to support youth workers in developing project applications for Erasmus+ Mobility of Youth Workers (KA153) projects.,https://www.salto-youth.net/tools/european-training-calendar/training/europe-goes-local-using-erasmus-ka153-mobility-projects-to-strengthen-local-youth-work.15288/
15238,Training Course,From Idea to Impact - An Erasmus+ Youth and European Solidarity Corps Project Lab for Deaf and hard-of-hearing people and organisations,3-7 February 2027,Vienna,Austria,2026-10-11,11 October 2026,Erasmus+ Youth Programme countries,"Do you have a youth project idea and want Erasmus+ or European Solidarity Corps funding? Get support to develop it, choose the right format, and meaningfully involve Deaf or hard-of-hearing people.",https://www.salto-youth.net/tools/european-training-calendar/training/from-idea-to-impact-an-erasmus-youth-and-european-solidarity-corps-project-lab-for-deaf-and-hard-of-hearing-people-and-organisations.15238/
15162,Training Course,Training of Trainers on Being Civically Engaged,1-7 February 2027,"Coma-Ruga, Catalonia",Spain,2026-10-15,15 October 2026,"Austria, Belgium - DE, Belgium - FL, Belgium - FR, Bulgaria, Croatia, Cyprus, Czech Republic, Denmark, Estonia, Finland, France, Germany, Greece, Hungary, Iceland, Ireland, Italy, Latvia, Liechtenstein, Lithuania, Luxembourg, Malta, Netherlands, Norway, Poland, Portugal, Republic of North Macedonia, Romania, Serbia, Slovak Republic, Slovenia, Spain, Sweden","Join the certified and ETS-aligned course to strengthen trainers' competencies in being civically engaged, focusing on the civic role of the trainer, integrating values and beliefs, critical thinking, and democracy and human rights principles.",https://www.salto-youth.net/tools/european-training-calendar/training/training-of-trainers-on-being-civically-engaged.15162/
14942,Training Course,"""LIVING AND ORGANIZING IN OUR COMMUNITIES : Towards more justice, integrity, and tenderness""",7-18 December 2026,Piegros-la-Clastre,France,2026-10-15,15 October 2026,Erasmus+ Youth Programme countries,"This programme focuses on ✨how to build groups and communities that are resilient, able to weather disagreements, look after their members and adapt in the face of crises.✨",https://www.salto-youth.net/tools/european-training-calendar/training/living-and-organizing-in-our-communities-towards-more-justice-integrity-and-tenderness.14942/
15284,Training Course,Humour is Serious Business,27 November - 3 December 2026,Hollókő,Hungary,2026-10-24,24 October 2026,"Armenia, Croatia, Hungary, Latvia, Montenegro, Poland, Portugal, Serbia, Spain","Turning humour into a deliberate, ethical tool for engaging young people more effectively. Non-formal methods, cultural reflection on humour, and concrete post-programme actions to bring back to your practice.",https://www.salto-youth.net/tools/european-training-calendar/training/humour-is-serious-business.15284/
15241,Training Course,Heritage Revised — New Media Approaches to Heritage Awareness in Youth Work,23-29 August 2027,,Romania,2027-05-31,31 May 2027,"Erasmus+ Youth Programme countries , Partner Countries Neighbouring the EU","In Heritage Revised, youth trainers will experiment with VR, AR, 360° storytelling, interactive projection, digital storytelling, gamification and AI-supported creative tools.",https://www.salto-youth.net/tools/european-training-calendar/training/heritage-revised-new-media-approaches-to-heritage-awareness-in-youth-work.15241/
11591,E-learning,Youth+: How to help youth with fewer/less opportunities grow in volunteering projects,14 October 2032 - 1 October 2033,,Hungary,2032-09-30,30 September 2032,"Erasmus+ Youth Programme countries , Other countries in the world , Partner Countries Neighbouring the EU","An online course for youth workers to learn: - how to approach a group of youth with fewer opportunities, - how to involve them, to create their own volunteering project to help a community in need, - how to train, coach, mentor and support them.",https://www.salto-youth.net/tools/european-training-calendar/training/youth-how-to-help-youth-with-fewer-less-opportunities-grow-in-volunteering-projects.11591/
15005,E-learning,Ladder to Inclusion - Create Safer International Mobilities for Highly Vulnerable Young People Online Course,1 January 2033 - 2 January 2034,Online,Hungary,2032-12-27,27 December 2032,"Erasmus+ Youth Programme countries , Other countries in the world , Partner Countries Neighbouring the EU","How can international youth mobility become truly safe, inclusive, and empowering for Highly Vulnerable Young People? This self-paced course equips youth workers with practical tools, trauma-informed approaches, and safeguarding competencies for mobility.",https://www.salto-youth.net/tools/european-training-calendar/training/ladder-to-inclusion-create-safer-international-mobilities-for-highly-vulnerable-young-people-online-course.15005/
14690,Training Course,Connecting garden,15-23 July 2926,,France,2926-06-01,1 June 2926,"Armenia, France, Georgia, Greece, Italy, Lithuania, Romania, Spain, Türkiye","This is a training course to get to learn how to accompany young people to create a natural space for nature reconnection, self and other reconnection.",https://www.salto-youth.net/tools/european-training-calendar/training/connecting-garden.14690/
